scorer,DLC_resnet50_BlackNov24shuffle2_41000,DLC_resnet50_BlackNov24shuffle2_41000,DLC_resnet50_BlackNov24shuffle2_41000,DLC_resnet50_BlackNov24shuffle2_41000,DLC_resnet50_BlackNov24shuffle2_41000,DLC_resnet50_BlackNov24shuffle2_41000,DLC_resnet50_BlackNov24shuffle2_41000,DLC_resnet50_BlackNov24shuffle2_41000,DLC_resnet50_BlackNov24shuffle2_41000,DLC_resnet50_BlackNov24shuffle2_41000,DLC_resnet50_BlackNov24shuffle2_41000,DLC_resnet50_BlackNov24shuffle2_41000,DLC_resnet50_BlackNov24shuffle2_41000,DLC_resnet50_BlackNov24shuffle2_41000,DLC_resnet50_BlackNov24shuffle2_41000,DLC_resnet50_BlackNov24shuffle2_41000,DLC_resnet50_BlackNov24shuffle2_41000,DLC_resnet50_BlackNov24shuffle2_41000,DLC_resnet50_BlackNov24shuffle2_41000,DLC_resnet50_BlackNov24shuffle2_41000,DLC_resnet50_BlackNov24shuffle2_41000,DLC_resnet50_BlackNov24shuffle2_41000,DLC_resnet50_BlackNov24shuffle2_41000,DLC_resnet50_BlackNov24shuffle2_41000,DLC_resnet50_BlackNov24shuffle2_41000,DLC_resnet50_BlackNov24shuffle2_41000,DLC_resnet50_BlackNov24shuffle2_41000,DLC_resnet50_BlackNov24shuffle2_41000,DLC_resnet50_BlackNov24shuffle2_41000,DLC_resnet50_BlackNov24shuffle2_41000,DLC_resnet50_BlackNov24shuffle2_41000,DLC_resnet50_BlackNov24shuffle2_41000,DLC_resnet50_BlackNov24shuffle2_41000,DLC_resnet50_BlackNov24shuffle2_41000,DLC_resnet50_BlackNov24shuffle2_41000,DLC_resnet50_BlackNov24shuffle2_41000
bodyparts,bodypart1,bodypart1,bodypart1,bodypart2,bodypart2,bodypart2,bodypart3,bodypart3,bodypart3,bodypart4,bodypart4,bodypart4,bodypart5,bodypart5,bodypart5,bodypart6,bodypart6,bodypart6,Spine0,Spine0,Spine0,Spine1,Spine1,Spine1,Spine2,Spine2,Spine2,Spine3,Spine3,Spine3,Spine4,Spine4,Spine4,Spine5,Spine5,Spine5
coords,x,y,likelihood,x,y,likelihood,x,y,likelihood,x,y,likelihood,x,y,likelihood,x,y,likelihood,x,y,likelihood,x,y,likelihood,x,y,likelihood,x,y,likelihood,x,y,likelihood,x,y,likelihood
labeled-data/TH - Gt 1 9/img01765.png,405.4281921386719,107.58709716796875,0.9956700801849365,370.68499755859375,130.98992919921875,0.9907330274581909,380.4277038574219,67.95397186279297,0.9767165184020996,391.31707763671875,74.6469955444336,0.9852877259254456,385.6336975097656,82.08393096923828,0.9426355361938477,377.6361083984375,106.80207824707031,0.9974216222763062,390.1883850097656,114.07765197753906,0.9992465972900391,375.07598876953125,117.46597290039062,0.9951666593551636,353.5831604003906,111.32942962646484,0.9938817620277405,343.7816467285156,104.86109924316406,0.9997273087501526,357.86474609375,89.164794921875,0.9883811473846436,375.3562927246094,77.9715805053711,0.9946985244750977
labeled-data/TH - Gt 1 9/img04875.png,100.13088989257812,103.33897399902344,0.9997267723083496,136.43663024902344,80.16427612304688,0.9980589151382446,214.59800720214844,130.11061096191406,0.06867650151252747,212.57594299316406,140.01455688476562,0.01713240146636963,198.89459228515625,135.76795959472656,0.10395064949989319,140.7546844482422,102.91876983642578,0.9987255334854126,206.3736572265625,132.81846618652344,0.9993940591812134,197.1238555908203,119.87796783447266,0.9991464614868164,161.6981964111328,94.02288818359375,0.9921224117279053,177.25120544433594,92.79756164550781,0.9999009370803833,187.60301208496094,105.6727066040039,0.7856345176696777,199.59544372558594,126.26065063476562,0.12150499224662781
labeled-data/TH - Gt 1 9/img09013.png,109.09257507324219,200.44776916503906,0.9998719692230225,131.42198181152344,173.23313903808594,0.999303936958313,127.07293701171875,104.85250854492188,0.8414502143859863,133.64158630371094,93.42792510986328,0.8990123271942139,145.75538635253906,101.04365539550781,0.3431839346885681,154.02099609375,188.1985626220703,0.993341326713562,132.19029235839844,191.20010375976562,0.9996138215065002,142.8509063720703,182.02157592773438,0.9990557432174683,147.8701934814453,161.83453369140625,0.998939037322998,147.09471130371094,149.85128784179688,0.999988317489624,143.17327880859375,130.86029052734375,0.9620301723480225,137.17010498046875,110.89631652832031,0.7021655440330505
labeled-data/TH - Gt 1 9/img00246.png,81.07825469970703,41.062828063964844,0.9883483648300171,76.7324447631836,65.02983856201172,0.9640127420425415,70.91043853759766,41.48733901977539,0.9906642436981201,82.15447998046875,40.263912200927734,0.9605134725570679,82.75387573242188,51.219242095947266,0.899860143661499,53.822235107421875,51.25971221923828,0.856314480304718,73.02476501464844,50.890621185302734,0.9901401400566101,66.93756866455078,58.069793701171875,0.959041953086853,46.74219512939453,67.3494873046875,0.7033176422119141,35.08027648925781,71.98045349121094,0.9989522695541382,56.951499938964844,63.920196533203125,0.935745120048523,71.52991485595703,51.45843505859375,0.9513366222381592
labeled-data/TH - Gt 1 9/img00985.png,415.6782531738281,234.598876953125,0.999225914478302,443.56170654296875,257.483642578125,0.9881143569946289,412.95196533203125,256.23822021484375,0.9702205657958984,415.8109436035156,239.4324493408203,0.24924570322036743,430.31719970703125,243.0608367919922,0.8804011344909668,479.33154296875,319.76495361328125,0.9829913377761841,468.2550354003906,334.9820251464844,0.9912608861923218,468.9967041015625,320.33172607421875,0.995413064956665,463.3963928222656,302.88592529296875,0.9426742196083069,455.1605529785156,290.3587646484375,0.9999934434890747,448.0559387207031,282.2447204589844,0.9612709283828735,428.7138671875,258.716796875,0.9912368059158325
labeled-data/TH - Gt 1 9/img07442.png,214.0785675048828,148.35252380371094,0.9887405037879944,176.97645568847656,156.95672607421875,0.9989343881607056,139.72779846191406,179.64627075195312,0.9998317956924438,136.63514709472656,193.13937377929688,0.9990851879119873,120.92969512939453,188.06112670898438,0.9980490207672119,174.51475524902344,134.29225158691406,0.9852997660636902,194.4085235595703,146.2119903564453,0.9975249171257019,177.7397003173828,145.66677856445312,0.9982395768165588,155.81399536132812,143.9258270263672,0.9973722696304321,139.53018188476562,146.94078063964844,0.999434232711792,124.55122375488281,157.20498657226562,0.999640941619873,125.67080688476562,174.78733825683594,0.999802827835083
labeled-data/TH - Gt 1 9/img00776.png,463.8337097167969,384.9911193847656,0.9882315993309021,474.1371154785156,351.36944580078125,0.9923585653305054,555.71142578125,315.52093505859375,0.7254937887191772,568.9794921875,317.02801513671875,0.27971649169921875,564.6397705078125,329.4735107421875,0.45165935158729553,492.1095886230469,368.2737121582031,0.9970508813858032,471.9963684082031,368.76336669921875,0.9947984218597412,483.4050598144531,359.0771789550781,0.9956879615783691,501.6642150878906,348.8898620605469,0.9906337261199951,513.1162719726562,341.3993835449219,0.9998583197593689,535.3787231445312,333.02362060546875,0.9167680740356445,555.2423706054688,325.8516540527344,0.8525041341781616
labeled-data/TH - Gt 1 9/img09747.png,201.49932861328125,274.6646423339844,0.9998898506164551,202.94290161132812,308.14923095703125,0.9982428550720215,154.47084045410156,372.759033203125,0.05242568254470825,143.45257568359375,368.2358703613281,0.06064006686210632,148.77281188964844,358.9852294921875,0.5631639361381531,179.3038787841797,304.7179260253906,0.9992684125900269,194.71263122558594,291.9819030761719,0.999849796295166,191.5701141357422,305.9395751953125,0.9992151260375977,180.58847045898438,343.56256103515625,0.9984592199325562,188.0084991455078,336.3139343261719,0.9999698400497437,178.36834716796875,351.9263610839844,0.8065544366836548,161.5997772216797,364.325439453125,0.5845907330513
labeled-data/TH - Gt 1 9/img11826.png,232.43356323242188,98.82524871826172,0.999980628490448,252.4236602783203,68.33361053466797,0.9998816847801208,335.7418518066406,18.28223991394043,0.9999616146087646,345.7458190917969,24.72258186340332,0.9999707937240601,340.0650634765625,33.34268569946289,0.9999692440032959,273.577392578125,85.42054748535156,0.9996589422225952,250.80618286132812,88.30608367919922,0.9998458623886108,263.5144958496094,76.8049087524414,0.9997121691703796,275.3231201171875,61.272377014160156,0.9998865723609924,290.4848327636719,47.58983612060547,0.9998421669006348,309.9168395996094,36.803707122802734,0.9999164938926697,330.50152587890625,28.333765029907227,0.9998751878738403
labeled-data/TH - Gt 1 9/img08660.png,148.83009338378906,54.43043899536133,0.9880901575088501,172.99871826171875,150.2742462158203,0.9991523027420044,144.21676635742188,71.4871597290039,0.9851418733596802,148.25692749023438,55.9669075012207,0.9151041507720947,158.41578674316406,62.45905303955078,0.7047152519226074,194.8829345703125,142.50479125976562,0.9972655773162842,186.42633056640625,160.64178466796875,0.9969567656517029,183.6278533935547,147.1163330078125,0.9992340803146362,177.8928985595703,127.89839935302734,0.9984005689620972,173.89120483398438,115.6202392578125,0.9999895095825195,164.07545471191406,94.64144134521484,0.962327778339386,156.1538543701172,75.63314056396484,0.8719946146011353
labeled-data/TH - Gt 1 9/img07246.png,181.35333251953125,149.2530517578125,0.9995036125183105,154.75279235839844,160.6908416748047,0.9989689588546753,178.02392578125,191.77906799316406,0.9996206760406494,176.75274658203125,206.54974365234375,0.999835193157196,163.50965881347656,205.18063354492188,0.9996727705001831,149.1450958251953,129.87176513671875,0.9773939847946167,163.1228485107422,144.9795684814453,0.9987211227416992,150.53807067871094,144.17539978027344,0.9977269172668457,138.2171630859375,156.23715209960938,0.9946560859680176,137.80101013183594,167.15277099609375,0.9995468854904175,147.80679321289062,181.79507446289062,0.9995015263557434,165.02981567382812,191.28733825683594,0.9996442198753357
labeled-data/TH - Gt 1 9/img01890.png,123.94110870361328,38.672760009765625,0.9529721140861511,172.75169372558594,110.4381103515625,0.9980952143669128,110.78797149658203,49.85686111450195,0.9969033002853394,123.33667755126953,40.69538879394531,0.9724692106246948,128.29408264160156,49.72211456298828,0.9968501329421997,178.67433166503906,86.35147094726562,0.9399741291999817,189.12762451171875,101.00341796875,0.988754153251648,175.10867309570312,99.82951354980469,0.995496392250061,157.7095184326172,96.53498077392578,0.9993767738342285,144.95103454589844,88.64092254638672,0.9998743534088135,127.69586944580078,76.16578674316406,0.9987085461616516,120.27798461914062,57.73250961303711,0.999541163444519
labeled-data/TH - Gt 1 9/img04676.png,218.993408203125,107.73429870605469,0.9768593311309814,186.3265838623047,115.56968688964844,0.9998353719711304,110.13142395019531,112.34768676757812,0.8692358732223511,98.0281982421875,108.94667053222656,0.9370824098587036,101.81914520263672,96.21391296386719,0.9688242077827454,190.7148895263672,91.16187286376953,0.999796986579895,203.94691467285156,106.41944885253906,0.9975873827934265,189.2776336669922,104.52587127685547,0.9997779130935669,170.45933532714844,101.53562927246094,0.9993975162506104,153.1142120361328,97.58179473876953,0.9999769330024719,129.17007446289062,98.88369750976562,0.9900425672531128,113.692138671875,100.64117431640625,0.9484522342681885
labeled-data/TH - Gt 1 9/img09804.png,197.71142578125,271.0331726074219,0.9991869926452637,150.6912384033203,359.6096496582031,0.9928175210952759,184.0012664794922,283.4018249511719,0.9307827353477478,196.19383239746094,273.6659851074219,0.8009887933731079,201.62826538085938,283.9395751953125,0.9349077343940735,173.10935974121094,376.2366027832031,0.9901301860809326,153.18231201171875,379.59075927734375,0.997119128704071,162.2691650390625,367.0464782714844,0.9955625534057617,170.91949462890625,350.5971374511719,0.9947769045829773,179.40200805664062,336.9866943359375,0.9999950528144836,183.35382080078125,318.641357421875,0.9592775702476501,191.64585876464844,292.4398193359375,0.8192960619926453
labeled-data/TH - Gt 1 9/img07348.png,173.28549194335938,152.3413543701172,0.9304895401000977,138.98458862304688,164.23492431640625,0.9745322465896606,142.3849334716797,180.32752990722656,0.9689701199531555,142.85498046875,194.45120239257812,0.9926803708076477,128.35711669921875,193.9602813720703,0.9980948567390442,140.74234008789062,132.08836364746094,0.9130029678344727,158.16224670410156,148.22686767578125,0.9056493043899536,142.44749450683594,153.8936767578125,0.9861962795257568,120.31126403808594,146.78111267089844,0.9874765872955322,112.05872344970703,152.6595916748047,0.9997413158416748,113.98660278320312,167.9066925048828,0.996850311756134,129.04995727539062,180.4254913330078,0.9952317476272583
labeled-data/TH - Gt 1 9/img00273.png,202.0463104248047,23.638444900512695,0.9994398355484009,93.83303833007812,33.50739288330078,0.9964420795440674,183.6137237548828,17.774456024169922,0.19005915522575378,196.8280487060547,25.189682006835938,0.009291857481002808,189.42298889160156,33.81580352783203,0.012449800968170166,94.95706176757812,51.21832275390625,0.9975023865699768,184.43797302246094,30.827030181884766,0.9936071634292603,95.12293243408203,42.38899612426758,0.9984064102172852,117.35331726074219,42.911258697509766,0.9934402704238892,134.37086486816406,40.079891204833984,0.9995344877243042,155.03076171875,34.821495056152344,0.5339557528495789,173.5064239501953,26.378719329833984,0.06477507948875427
labeled-data/TH - Gt 1 9/img00294.png,386.27435302734375,71.52963256835938,0.999886155128479,433.6103515625,75.31036376953125,0.9990440607070923,506.9346618652344,59.61900329589844,0.06541043519973755,531.5115966796875,63.19868087768555,0.0031016170978546143,517.82373046875,80.86958312988281,0.03393888473510742,429.8397521972656,97.58206176757812,0.9996651411056519,412.1676330566406,83.80529022216797,0.9997129440307617,431.48419189453125,86.25101470947266,0.9998251795768738,452.2668151855469,87.50907897949219,0.9990944266319275,466.40496826171875,84.28729248046875,0.9999581575393677,484.89453125,83.016357421875,0.3496650457382202,510.1221618652344,73.69955444335938,0.06857416033744812
labeled-data/TH - Gt 1 9/img06277.png,212.3648223876953,181.70028686523438,0.9999765157699585,246.1662139892578,157.18386840820312,0.9995056390762329,325.6204528808594,112.24470520019531,0.1873803436756134,341.27294921875,116.6180191040039,0.02640703320503235,332.0980529785156,128.36097717285156,0.6368385553359985,263.56170654296875,174.7813720703125,0.9989961385726929,237.55889892578125,174.9469757080078,0.9992902278900146,255.34475708007812,167.36985778808594,0.9994163513183594,274.334228515625,153.82699584960938,0.9987561702728271,287.7971496582031,147.5067138671875,0.9999769926071167,301.1324157714844,137.28675842285156,0.9361746311187744,322.23822021484375,126.45538330078125,0.7066824436187744
labeled-data/TH - Gt 1 9/img07777.png,177.9247283935547,158.2402801513672,0.9985880851745605,142.92494201660156,165.36631774902344,0.999912679195404,53.78413772583008,154.30499267578125,0.9999405741691589,45.6872444152832,143.19149780273438,0.9998663663864136,57.68376922607422,135.56439208984375,0.9999147653579712,148.18182373046875,139.58834838867188,0.9998718500137329,160.45046997070312,154.30999755859375,0.9996805191040039,146.54351806640625,152.0388946533203,0.9999432563781738,126.91536712646484,150.83302307128906,0.9998459815979004,106.09302520751953,150.992431640625,0.9999127388000488,83.49127197265625,150.01611328125,0.9997961521148682,64.02275085449219,146.6159210205078,0.9998427629470825
labeled-data/TH - Gt 1 9/img07497.png,98.35163879394531,200.97311401367188,0.9849234819412231,155.38235473632812,163.31527709960938,0.9853823781013489,178.0354461669922,137.3061981201172,0.9952706098556519,186.18943786621094,149.04498291015625,0.9917938113212585,176.96324157714844,156.9843292236328,0.9950151443481445,103.4454345703125,176.16412353515625,0.9545655250549316,89.0794677734375,183.80238342285156,0.8936908841133118,156.67250061035156,150.61248779296875,0.9466243982315063,115.7953872680664,158.1488037109375,0.9492932558059692,121.51903533935547,154.34703063964844,0.9999210834503174,145.138671875,149.8761749267578,0.9816151857376099,168.2041778564453,148.4989776611328,0.9962613582611084
labeled-data/TH - Gt 1 9/img05926.png,95.15064239501953,389.6163024902344,0.9998527765274048,121.50869750976562,367.16265869140625,0.9985609650611877,197.02511596679688,330.04376220703125,0.6485136151313782,207.13632202148438,334.8451843261719,0.48249220848083496,206.06961059570312,342.9824523925781,0.9178068041801453,182.55165100097656,335.8555908203125,0.9893605709075928,114.03572845458984,383.1397705078125,0.9987179040908813,188.0641326904297,346.74615478515625,0.9970659017562866,172.8046875,354.6536865234375,0.9589676856994629,161.4156951904297,360.3482666015625,0.9999668598175049,170.99769592285156,353.1908874511719,0.8915886878967285,196.15750122070312,340.84814453125,0.6725301742553711
labeled-data/TH - Gt 1 9/img05492.png,300.70941162109375,326.64300537109375,0.8234710097312927,306.44976806640625,305.1300964355469,0.9954867959022522,289.29144287109375,247.04519653320312,0.9986180067062378,292.33367919921875,233.4092254638672,0.9978244304656982,303.9256591796875,238.09671020507812,0.9983982443809509,332.329345703125,314.38153076171875,0.9982157945632935,313.1000671386719,317.072509765625,0.9867339134216309,318.3121643066406,310.1454162597656,0.9984372854232788,320.8763122558594,292.8893737792969,0.9956474304199219,317.1376953125,283.7626953125,0.9999864101409912,310.0621643066406,267.8948669433594,0.9929274916648865,300.1601257324219,250.5277862548828,0.9965810775756836
labeled-data/TH - Gt 1 9/img01824.png,295.89190673828125,94.63031005859375,0.9996094703674316,255.54432678222656,104.56570434570312,0.9963512420654297,277.3374328613281,86.59224700927734,0.08747938275337219,246.00808715820312,43.79386520385742,0.015653520822525024,273.442138671875,99.56291961669922,0.15336763858795166,211.3423309326172,57.1842041015625,0.9945946931838989,232.46588134765625,52.74794006347656,0.9993617534637451,224.0435333251953,65.25247192382812,0.9983634352684021,221.5019989013672,79.9307861328125,0.9899362325668335,222.7213134765625,87.98971557617188,0.9988548755645752,245.96690368652344,93.15950775146484,0.8394310474395752,267.487060546875,93.96334838867188,0.4850097894668579
labeled-data/TH - Gt 1 9/img12197.png,177.21607971191406,134.350830078125,0.9735139608383179,178.74630737304688,105.75827026367188,0.996634840965271,233.57080078125,50.50148010253906,0.9994368553161621,245.83265686035156,51.35681915283203,0.9997431635856628,244.0965576171875,61.87247085571289,0.999688982963562,204.33444213867188,119.65277862548828,0.999217689037323,183.96473693847656,124.32170104980469,0.9990940690040588,192.5811767578125,112.09252166748047,0.9988949298858643,197.56588745117188,97.7347640991211,0.9993084669113159,206.5953826904297,84.0274429321289,0.9999890327453613,218.46592712402344,71.98490905761719,0.9995625019073486,233.04617309570312,60.39181900024414,0.9996615648269653
labeled-data/TH - Gt 1 9/img04790.png,231.19158935546875,120.02658081054688,0.999864399433136,194.78785705566406,119.96167755126953,0.9999809265136719,113.3458023071289,113.56094360351562,0.9722176790237427,100.81300354003906,110.23821258544922,0.9593729376792908,110.6581039428711,95.5021743774414,0.9684146642684937,201.3919219970703,98.68560791015625,0.9999278783798218,214.10012817382812,113.0611343383789,0.9999486207962036,199.3121337890625,108.68589782714844,0.9999752044677734,181.32125854492188,104.45004272460938,0.9998830556869507,162.5032501220703,99.87236785888672,0.9999931454658508,141.89173889160156,101.28528594970703,0.9983745813369751,118.86947631835938,101.6591796875,0.9284123778343201
labeled-data/TH - Gt 1 9/img11790.png,173.79856872558594,147.2497100830078,0.999943733215332,187.21139526367188,110.80673217773438,0.999346911907196,265.8128356933594,62.16796112060547,0.3459331691265106,181.62353515625,140.13058471679688,0.009588778018951416,273.3573913574219,79.51896667480469,0.08749863505363464,206.05752563476562,124.99864196777344,0.9984867572784424,186.92445373535156,130.6467742919922,0.9998774528503418,196.602294921875,118.05015563964844,0.9996402859687805,212.67942810058594,102.80001068115234,0.9967375993728638,225.05728149414062,90.32368469238281,0.9999481439590454,235.44715881347656,85.50653839111328,0.8998072743415833,265.3016052246094,74.00594329833984,0.4781506061553955
labeled-data/TH - Gt 1 9/img01845.png,236.47940063476562,88.75942993164062,0.9984146356582642,198.5142059326172,98.23045349121094,0.9989062547683716,169.5549774169922,33.65679168701172,0.9893321990966797,184.81980895996094,36.120269775390625,0.9966185092926025,183.05450439453125,47.32065200805664,0.9980467557907104,204.94522094726562,77.32756805419922,0.9993257522583008,216.9147186279297,89.30463409423828,0.9958306550979614,201.46514892578125,88.15672302246094,0.997014045715332,179.25076293945312,81.55712890625,0.9885305166244507,164.8279266357422,73.5338134765625,0.9999768137931824,160.42762756347656,58.838966369628906,0.9994778037071228,169.56524658203125,45.09260559082031,0.9876774549484253
labeled-data/TH - Gt 1 9/img00287.png,278.64056396484375,71.63554382324219,0.999944269657135,319.96063232421875,68.62864685058594,0.9996619820594788,397.8521728515625,55.28394317626953,0.25501471757888794,412.5263671875,58.022945404052734,0.009972929954528809,405.2924499511719,71.53082275390625,0.018893033266067505,319.0162658691406,93.04139709472656,0.9991397857666016,402.0602722167969,66.0688247680664,0.9996622800827026,320.43365478515625,80.64564514160156,0.9996610879898071,340.2181396484375,80.97478485107422,0.9992390871047974,354.2723388671875,78.4986801147461,0.9999613761901855,372.7442932128906,77.07759857177734,0.6029365658760071,396.2001647949219,67.11582946777344,0.15565261244773865
labeled-data/TH - Gt 1 9/img13130.png,257.9718017578125,153.02430725097656,0.2512414753437042,227.79296875,148.42916870117188,0.984990119934082,152.1117401123047,105.408203125,0.9996705055236816,146.71340942382812,93.91777801513672,0.9997185468673706,159.45892333984375,90.11849975585938,0.9993491768836975,242.89659118652344,129.4430694580078,0.9581030011177063,244.82046508789062,146.92141723632812,0.9421478509902954,234.01632690429688,140.30404663085938,0.9941670894622803,220.75079345703125,129.15164184570312,0.8938177824020386,204.42958068847656,121.70500946044922,0.999681830406189,184.64891052246094,109.7486572265625,0.9941939115524292,164.716552734375,100.80999755859375,0.999391496181488
labeled-data/TH - Gt 1 9/img12400.png,222.73919677734375,51.5909423828125,0.9987620115280151,198.67947387695312,117.41568756103516,0.9998950958251953,204.4342498779297,50.88575744628906,0.8731234073638916,221.3851318359375,51.796226501464844,0.28940993547439575,215.9206085205078,63.32984161376953,0.5622594356536865,208.37313842773438,96.98983764648438,0.9959977865219116,217.27279663085938,111.35626983642578,0.9998778104782104,204.34400939941406,106.83255767822266,0.9998204112052917,188.1954345703125,101.41793823242188,0.9998534917831421,179.36549377441406,90.86377716064453,0.99994295835495,186.8347625732422,74.84065246582031,0.9952457547187805,201.14578247070312,63.009918212890625,0.9490328431129456
labeled-data/TH - Gt 1 9/img03313.png,146.98863220214844,153.64248657226562,0.9998648166656494,130.5587921142578,185.75184631347656,0.9987534880638123,78.54193878173828,250.70033264160156,0.9964963793754578,61.499969482421875,250.09117126464844,0.9982283115386963,62.44614028930664,235.71116638183594,0.9980039596557617,113.51646423339844,170.4378662109375,0.9985902905464172,132.22628784179688,166.0462188720703,0.9997880458831787,121.59437561035156,178.02728271484375,0.999731183052063,107.92247009277344,193.04891967773438,0.9994322061538696,100.22309875488281,204.87924194335938,0.9999578595161438,87.4775161743164,220.5482635498047,0.9993947148323059,75.2783432006836,236.14280700683594,0.9990127086639404
labeled-data/TH - Gt 1 9/img07394.png,143.07200622558594,191.79200744628906,0.7501406073570251,157.5369415283203,157.6306610107422,0.7942324876785278,182.93162536621094,137.3878631591797,0.9953992366790771,187.31204223632812,148.892822265625,0.9979506134986877,127.05490112304688,190.20645141601562,0.9978039264678955,131.94964599609375,163.04920959472656,0.9108302593231201,133.1924591064453,181.03553771972656,0.8645017743110657,157.93409729003906,147.40103149414062,0.8137788772583008,131.57322692871094,141.62168884277344,0.9625616073608398,121.1484146118164,145.40797424316406,0.9981775879859924,118.03575134277344,161.55418395996094,0.9973440170288086,128.06980895996094,175.25494384765625,0.9988515973091125
labeled-data/TH - Gt 1 9/img04805.png,202.1111602783203,126.71660614013672,0.9799953699111938,178.8264923095703,110.85627746582031,0.9988322257995605,205.7522430419922,112.54476165771484,0.4479387402534485,98.88626098632812,100.84456634521484,0.7388274669647217,191.986328125,118.4285659790039,0.8191076517105103,197.4060516357422,94.0535659790039,0.9971697926521301,195.8639373779297,113.28962707519531,0.9946304559707642,189.51174926757812,104.87977600097656,0.9978623390197754,172.9898223876953,94.18529510498047,0.9969098567962646,161.77880859375,90.5557861328125,0.9999639987945557,140.33596801757812,91.8878402709961,0.9522878527641296,192.7609405517578,108.22053527832031,0.5446568727493286
labeled-data/TH - Gt 1 9/img01739.png,394.8525085449219,73.29261779785156,0.998350977897644,370.0981750488281,96.15186309814453,0.9536640048027039,377.2476501464844,112.69029998779297,0.9690641164779663,384.0914001464844,121.00420379638672,0.9758718013763428,383.2636413574219,83.41021728515625,0.9548136591911316,357.93267822265625,72.04479217529297,0.9437201023101807,378.5638427734375,76.75926208496094,0.9905543923377991,357.20733642578125,120.7093505859375,0.9263671636581421,341.2832946777344,111.98597717285156,0.9879052639007568,340.1056823730469,103.45696258544922,0.9998117685317993,348.10052490234375,113.76371765136719,0.937220573425293,368.48065185546875,118.96356964111328,0.957863450050354
labeled-data/TH - Gt 1 9/img05597.png,290.1884460449219,235.78866577148438,0.993383526802063,313.8438415527344,260.7174377441406,0.9818094968795776,290.60498046875,250.13661193847656,0.9035983085632324,239.6398468017578,323.01544189453125,0.7286146283149719,242.7462921142578,310.8011779785156,0.8552502393722534,290.9041442871094,266.3368835449219,0.9975724220275879,298.7148742675781,249.01271057128906,0.9852557182312012,301.9844970703125,262.22564697265625,0.9908623695373535,277.989013671875,298.7246398925781,0.967582106590271,292.173828125,291.0342102050781,0.9999687075614929,296.67529296875,279.2001037597656,0.911747932434082,255.09652709960938,311.42791748046875,0.9260565042495728
labeled-data/TH - Gt 1 9/img00296.png,470.73138427734375,85.1541748046875,0.9999812841415405,507.9176330566406,88.57012176513672,0.9993422627449036,586.1619873046875,71.58403778076172,0.43205997347831726,598.9268188476562,73.37921142578125,0.04625701904296875,595.8599853515625,83.11154174804688,0.07070299983024597,506.0978698730469,113.34883117675781,0.999085545539856,489.9983825683594,98.78302001953125,0.9998708367347717,506.8204345703125,100.7579574584961,0.9995954036712646,524.8623046875,101.4095458984375,0.9994386434555054,543.3551025390625,98.88878631591797,0.9999423027038574,558.8641357421875,91.6094970703125,0.508725643157959,584.9931640625,83.31523895263672,0.38680654764175415
labeled-data/TH - Gt 1 9/img04817.png,95.82013702392578,105.20045471191406,0.9995418787002563,123.72735595703125,82.37411499023438,0.9970689415931702,206.17013549804688,119.58539581298828,0.6690493226051331,199.13107299804688,128.60986328125,0.5924976468086243,191.5532989501953,122.89689636230469,0.914203405380249,130.8854217529297,104.25067901611328,0.9989306926727295,113.69313049316406,94.65587615966797,0.9992107152938843,128.50946044921875,93.17465209960938,0.9957900047302246,172.58628845214844,95.0501937866211,0.9807255268096924,166.0334930419922,90.2203369140625,0.999961256980896,183.37135314941406,99.48806762695312,0.7838592529296875,195.92579650878906,113.2680892944336,0.8777599334716797
labeled-data/TH - Gt 1 9/img11787.png,274.7794189453125,67.65034484863281,0.9998491406440735,176.4815673828125,117.20143127441406,0.9997138977050781,257.6980285644531,69.10295104980469,0.8856495022773743,269.8843078613281,72.36832427978516,0.5096023678779602,261.4738464355469,85.28641510009766,0.7662374973297119,194.01138305664062,130.67469787597656,0.9996269345283508,174.88430786132812,136.95289611816406,0.9997388124465942,185.7777099609375,123.34394073486328,0.9997754096984863,198.52505493164062,109.1251220703125,0.9998222589492798,213.32754516601562,96.64949798583984,0.9999597668647766,233.44406127929688,87.7079086303711,0.9978512525558472,251.1500701904297,81.76505279541016,0.9882867336273193
labeled-data/TH - Gt 1 9/img00272.png,142.5428466796875,22.927757263183594,0.9994232654571533,112.00943756103516,45.26927185058594,0.9970506429672241,124.54106140136719,18.502010345458984,0.44540151953697205,135.5279083251953,22.583206176757812,0.03026643395423889,126.92554473876953,8.458782196044922,0.013104498386383057,41.93189239501953,47.64107131958008,0.9801042079925537,127.25035095214844,29.140460968017578,0.9920157194137573,110.52094268798828,35.00821304321289,0.9938936233520508,61.50106430053711,41.345458984375,0.9748356342315674,77.5795669555664,38.77177047729492,0.998498797416687,92.11689758300781,36.75954818725586,0.8475689888000488,115.76361083984375,29.352569580078125,0.11308962106704712
labeled-data/TH - Gt 1 9/img03502.png,171.84681701660156,137.8658905029297,0.4314729869365692,132.66302490234375,137.13128662109375,0.9322677850723267,75.61431884765625,170.1863555908203,0.9986982345581055,61.32817459106445,171.06141662597656,0.9995495080947876,58.8996467590332,157.9299774169922,0.9987640380859375,139.66065979003906,114.37052154541016,0.9750926494598389,154.74977111816406,129.16297912597656,0.5987303853034973,137.87965393066406,125.2497329711914,0.9754554629325867,103.33616638183594,124.4232406616211,0.9892586469650269,103.94670104980469,120.59151458740234,0.9998149275779724,80.27848815917969,132.70448303222656,0.982317328453064,150.39085388183594,126.53150939941406,0.9985312223434448
labeled-data/TH - Gt 1 9/img09166.png,199.97425842285156,113.5988998413086,0.9996861219406128,178.62420654296875,146.0047149658203,0.9762985706329346,128.83370971679688,102.69144439697266,0.9648032784461975,137.12484741210938,89.69832611083984,0.9384301900863647,191.0564727783203,129.35760498046875,0.469784140586853,127.16954803466797,128.06146240234375,0.9883086681365967,183.58995056152344,128.09298706054688,0.9870188236236572,170.1661376953125,135.53955078125,0.9688478112220764,153.48724365234375,141.73004150390625,0.999112606048584,153.22598266601562,145.0559844970703,0.9992529153823853,169.25331115722656,139.2626190185547,0.9065874814987183,175.5279083251953,123.28439331054688,0.754446268081665
labeled-data/TH - Gt 1 9/img06273.png,176.20616149902344,194.61239624023438,0.99986732006073,204.2239227294922,171.77044677734375,0.9987188577651978,286.5091247558594,127.63221740722656,0.22796982526779175,296.5155334472656,131.0721893310547,0.1177804172039032,290.10028076171875,144.30735778808594,0.5529342889785767,219.91659545898438,190.18795776367188,0.9982463121414185,197.17044067382812,188.04635620117188,0.9997502565383911,210.97348022460938,181.31680297851562,0.99947589635849,226.9045867919922,170.3643035888672,0.9979221820831299,240.03562927246094,162.0074005126953,0.9999925494194031,258.68853759765625,152.79922485351562,0.9488958120346069,281.2174987792969,138.17140197753906,0.7098469734191895
labeled-data/TH - Gt 1 9/img09262.png,211.16314697265625,96.21443939208984,0.9789307117462158,151.0276336669922,115.7384262084961,0.9862958192825317,127.91709899902344,100.84369659423828,0.9972743988037109,136.84329223632812,89.68279266357422,0.9979470372200012,146.86573791503906,98.88861846923828,0.9958143830299377,132.61761474609375,126.22384643554688,0.9908971786499023,137.24368286132812,107.37529754638672,0.8806582689285278,141.47434997558594,120.10356903076172,0.9948543906211853,154.19992065429688,128.7754669189453,0.9981374144554138,163.41140747070312,128.8603057861328,0.9999396800994873,179.4945831298828,120.00947570800781,0.9992024898529053,195.85108947753906,111.25117492675781,0.9972915649414062
labeled-data/TH - Gt 1 9/img11013.png,80.4343032836914,18.157794952392578,0.9999160766601562,115.32878875732422,37.52438735961914,0.999820351600647,173.59381103515625,100.83901977539062,0.9999152421951294,172.6191864013672,113.45655822753906,0.9996126294136047,158.63169860839844,113.79930877685547,0.9999372959136963,96.0334243774414,53.39013671875,0.9996193647384644,94.87716674804688,33.98335266113281,0.9998573064804077,105.54019165039062,45.57297897338867,0.9997787475585938,119.40473937988281,59.36787414550781,0.9996238946914673,132.97630310058594,73.56719207763672,0.9999605417251587,146.99932861328125,89.46598815917969,0.9999608397483826,160.37672424316406,101.54144287109375,0.9999587535858154
labeled-data/TH - Gt 1 9/img09146.png,186.17254638671875,123.75148010253906,0.9856614470481873,172.74246215820312,163.59938049316406,0.9263513684272766,172.26077270507812,128.42782592773438,0.995630145072937,136.89476013183594,90.92195892333984,0.9595832824707031,186.0639190673828,139.17538452148438,0.9491633772850037,127.22209930419922,123.18254852294922,0.9533537030220032,137.35997009277344,109.11730194091797,0.959742546081543,140.74253845214844,123.47062683105469,0.9605311751365662,145.01153564453125,147.82345581054688,0.9974989891052246,145.90487670898438,149.01998901367188,0.9999388456344604,163.69900512695312,150.357177734375,0.9975625276565552,176.8328857421875,140.6140594482422,0.9939478635787964
labeled-data/TH - Gt 1 9/img00435.png,452.3077392578125,238.16366577148438,0.9999831914901733,465.6425476074219,267.6481018066406,0.9998549222946167,501.7161560058594,319.69818115234375,0.9996262788772583,504.76776123046875,331.3386535644531,0.9976580739021301,496.83154296875,332.786865234375,0.9988803267478943,441.8833923339844,276.0506591796875,0.9998612403869629,451.68585205078125,256.55865478515625,0.9999650716781616,454.5063171386719,272.78167724609375,0.9999682903289795,455.70733642578125,288.58648681640625,0.9998594522476196,465.34307861328125,304.20782470703125,0.9999685287475586,476.7938537597656,316.4433288574219,0.9999582171440125,493.28131103515625,323.94219970703125,0.9999486207962036
labeled-data/TH - Gt 1 9/img00437.png,446.2948913574219,286.3369140625,0.9999349117279053,459.57452392578125,316.0095520019531,0.9996039867401123,498.9448547363281,368.62109375,0.9996483325958252,502.6405944824219,380.10040283203125,0.9989703893661499,493.3520202636719,385.32537841796875,0.9997258186340332,435.82513427734375,323.01141357421875,0.999817967414856,445.8186340332031,304.13751220703125,0.9998997449874878,448.68890380859375,319.41387939453125,0.9999202489852905,452.2165832519531,337.111328125,0.9997509121894836,460.1884765625,352.5881652832031,0.9990924596786499,473.6757507324219,368.791748046875,0.9997928142547607,489.67047119140625,374.5144958496094,0.9997625350952148
labeled-data/TH - Gt 1 9/img06279.png,392.7886962890625,111.4564437866211,0.9996429085731506,363.95513916015625,138.4453125,0.9991076588630676,279.41473388671875,179.40982055664062,0.19616803526878357,257.2081298828125,176.7846221923828,0.012428998947143555,266.30291748046875,164.4141082763672,0.028153300285339355,350.3724365234375,116.71231079101562,0.9954791069030762,372.77587890625,118.96898651123047,0.9996381402015686,357.105224609375,127.97212219238281,0.9987133145332336,337.4380187988281,138.79666137695312,0.9853581190109253,324.4513244628906,146.88014221191406,0.9999064803123474,301.0917663574219,160.09841918945312,0.3325583338737488,366.697509765625,122.6825180053711,0.1316034495830536
labeled-data/TH - Gt 1 9/img03217.png,371.62994384765625,31.570293426513672,0.9999884963035583,369.8763122558594,65.91361236572266,0.9998106360435486,307.0062255859375,125.96116638183594,0.9999680519104004,295.32012939453125,119.72003173828125,0.9999693632125854,299.79962158203125,108.2554702758789,0.9999047517776489,347.5340270996094,57.61477279663086,0.9997415542602539,365.1986389160156,48.19011688232422,0.9999035000801086,359.7213134765625,62.351078033447266,0.9998682737350464,352.5503234863281,77.42363739013672,0.999851644039154,343.2057189941406,93.94319915771484,0.9999473690986633,329.13262939453125,105.50154113769531,0.9998695850372314,311.8094787597656,113.53562927246094,0.999911904335022
labeled-data/TH - Gt 1 9/img12909.png,83.7887954711914,62.27808380126953,0.5847424268722534,169.36607360839844,119.03214263916016,0.9989560842514038,89.41129302978516,71.98588562011719,0.9981839060783386,86.30223846435547,60.39992141723633,0.9987801313400269,100.33296203613281,57.236083984375,0.9998540282249451,179.75936889648438,97.21876525878906,0.9945847988128662,187.022216796875,113.790283203125,0.9727282524108887,174.0071258544922,107.68180084228516,0.9991129636764526,156.567626953125,98.8104248046875,0.9994447231292725,140.84274291992188,91.68368530273438,0.999234676361084,121.61287689208984,79.48164367675781,0.9980870485305786,102.82958984375,69.2403564453125,0.9994581937789917
labeled-data/TH - Gt 1 9/img03249.png,295.9920654296875,112.589599609375,0.9999678134918213,286.57879638671875,150.9478759765625,0.9991703033447266,234.09417724609375,225.33055114746094,0.8241622447967529,218.0402374267578,223.50074768066406,0.3385385274887085,220.22703552246094,209.09841918945312,0.750403642654419,264.74761962890625,139.47279357910156,0.9997279644012451,283.1655578613281,130.96783447265625,0.9998510479927063,275.9439392089844,145.48947143554688,0.999874472618103,266.3805847167969,161.8508758544922,0.9990866184234619,260.3627014160156,177.8031005859375,0.9999924302101135,249.46029663085938,195.0006561279297,0.9950598478317261,233.77294921875,211.00543212890625,0.9698883295059204
labeled-data/TH - Gt 1 9/img07750.png,190.28201293945312,152.9742431640625,0.33036479353904724,160.59654235839844,164.5344696044922,0.9950838685035706,70.60240936279297,159.901611328125,0.9998104572296143,60.8531608581543,151.23974609375,0.9999591112136841,71.25630950927734,141.49147033691406,0.9998940825462341,163.72032165527344,138.4236602783203,0.9884096384048462,174.85675048828125,151.62557983398438,0.976933479309082,162.4954833984375,151.09140014648438,0.9913377165794373,141.68666076660156,149.8492889404297,0.9918758273124695,124.20274353027344,150.56338500976562,0.9997833967208862,102.2898941040039,149.1370086669922,0.9987541437149048,79.22235870361328,149.77957153320312,0.999778151512146
labeled-data/TH - Gt 1 9/img01701.png,393.57159423828125,70.13170623779297,0.9997876286506653,372.59539794921875,90.50285339355469,0.9962307214736938,345.0157775878906,129.61239624023438,0.6220425963401794,390.5823974609375,70.91275024414062,0.04745781421661377,384.34954833984375,81.5040512084961,0.7760592699050903,361.64251708984375,71.23898315429688,0.9942399859428406,334.9311218261719,132.02845764160156,0.9957687258720398,367.9299621582031,80.93672180175781,0.9930623769760132,338.1507263183594,100.05958557128906,0.9257574081420898,339.97113037109375,92.53043365478516,0.9997209906578064,333.1431579589844,108.45648956298828,0.9749050140380859,329.3803405761719,127.3891372680664,0.7756037712097168
labeled-data/TH - Gt 1 9/img11789.png,168.43585205078125,150.3990020751953,0.9999587535858154,182.28802490234375,112.43623352050781,0.9996044635772705,263.4378662109375,66.28411102294922,0.18731984496116638,276.09332275390625,64.6996841430664,0.004514873027801514,270.38946533203125,78.25155639648438,0.0717131495475769,200.08555603027344,126.23946380615234,0.9983611106872559,181.16322326660156,133.64718627929688,0.9999403953552246,191.8539276123047,120.22020721435547,0.9993020296096802,206.2188262939453,104.7684555053711,0.9993518590927124,219.35748291015625,93.19430541992188,0.9998791217803955,234.812255859375,85.77729034423828,0.9891812801361084,260.4153747558594,76.89347076416016,0.5848172307014465
labeled-data/TH - Gt 1 9/img00286.png,245.66268920898438,69.3840560913086,0.9998918771743774,287.8589782714844,67.1576156616211,0.9997366666793823,374.1698303222656,50.144832611083984,0.5589476227760315,386.8354187011719,54.7192497253418,0.05099296569824219,381.2637939453125,65.66143035888672,0.3654628396034241,287.420654296875,90.3160629272461,0.9994449615478516,270.5986022949219,75.0341796875,0.9995657801628113,287.66986083984375,78.4991226196289,0.9998202323913574,307.28851318359375,79.16725158691406,0.9994984865188599,326.55780029296875,76.68476104736328,0.9999570846557617,346.4249572753906,69.23828887939453,0.9215390682220459,371.1877746582031,63.698341369628906,0.25289180874824524
labeled-data/TH - Gt 1 9/img01803.png,369.7637939453125,110.9029769897461,0.9996519088745117,328.99981689453125,122.89798736572266,0.9984162449836731,311.6269836425781,61.82893753051758,0.880969226360321,325.9146423339844,64.45277404785156,0.9835792779922485,322.35333251953125,71.5691909790039,0.9892047047615051,332.46478271484375,98.67230224609375,0.9981127977371216,348.2192687988281,111.04625701904297,0.9998383522033691,331.2961120605469,110.49363708496094,0.999312162399292,311.2281188964844,108.29742431640625,0.998773455619812,296.5085144042969,99.5837173461914,0.9998868703842163,298.2635803222656,84.84166717529297,0.9912896156311035,311.53228759765625,72.48319244384766,0.9912038445472717
labeled-data/TH - Gt 1 9/img01819.png,318.48699951171875,101.84117889404297,0.9996691346168518,270.836181640625,108.41410064697266,0.9888697862625122,238.1007843017578,45.79514694213867,0.042526453733444214,268.2239074707031,50.209083557128906,0.05399128794670105,263.9629211425781,64.97027587890625,0.21784719824790955,277.573486328125,87.4552230834961,0.9953708648681641,293.24652099609375,100.00115966796875,0.9995582103729248,246.1415557861328,71.05342864990234,0.9935704469680786,244.0828857421875,86.45531463623047,0.9944309592247009,241.0128631591797,90.52165222167969,0.9995018839836121,237.81459045410156,76.32823944091797,0.8334788084030151,249.0731201171875,61.23189163208008,0.19995713233947754
labeled-data/TH - Gt 1 9/img03203.png,408.17572021484375,-1.063572883605957,0.10656726360321045,435.0171813964844,4.472483158111572,0.9812682867050171,356.7577209472656,55.95297622680664,0.9999293684959412,349.84466552734375,46.631980895996094,0.9999279379844666,359.08831787109375,38.38215255737305,0.999915599822998,407.2147521972656,2.847759962081909,0.6226930022239685,426.42218017578125,-0.9977822303771973,0.4003017544746399,421.125,3.4807615280151367,0.8470518589019775,417.0876770019531,12.986021995544434,0.9910438656806946,404.118896484375,32.62346267700195,0.9995855093002319,386.3481750488281,44.31296920776367,0.9995851516723633,365.79583740234375,46.84397506713867,0.9997328519821167
labeled-data/TH - Gt 1 9/img09350.png,242.570556640625,83.07705688476562,0.9999055862426758,219.4108428955078,107.29137420654297,0.9995640516281128,130.6766357421875,109.01266479492188,0.9111776351928711,131.4357452392578,97.24212646484375,0.9448634386062622,143.93487548828125,98.21143341064453,0.8653746247291565,209.2655792236328,85.69119262695312,0.997215747833252,226.82125854492188,89.441650390625,0.9996112585067749,215.25015258789062,96.68952941894531,0.9996770620346069,196.98489379882812,105.62167358398438,0.99208664894104,182.2612762451172,112.60297393798828,0.9999596476554871,164.82508850097656,113.87593078613281,0.7598518133163452,145.78958129882812,107.4505386352539,0.6405937671661377
labeled-data/TH - Gt 1 9/img00436.png,450.07537841796875,265.2478332519531,0.9999752044677734,460.9376525878906,294.5350341796875,0.9997727870941162,500.10003662109375,348.9006652832031,0.9995628595352173,499.679443359375,360.980224609375,0.9975227117538452,491.0400695800781,363.1650390625,0.998602569103241,438.4442443847656,303.41217041015625,0.999744713306427,448.13580322265625,283.7532958984375,0.9999552965164185,450.52801513671875,298.21826171875,0.9999685287475586,453.8076477050781,315.7808837890625,0.9998006820678711,461.08343505859375,331.1322937011719,0.9998571276664734,474.4641418457031,345.5614013671875,0.9999649524688721,489.6665954589844,354.4345397949219,0.9996596574783325
labeled-data/TH - Gt 1 9/img00227.png,79.90186309814453,32.09805679321289,0.9951217174530029,82.65850067138672,59.505069732666016,0.9968090653419495,71.30313110351562,38.13027572631836,0.810539722442627,81.14265441894531,32.29875183105469,0.37069109082221985,4.584844589233398,68.09728240966797,0.7413855195045471,63.14348220825195,47.81669998168945,0.9854958057403564,76.01934051513672,43.35228729248047,0.9954779148101807,71.70645141601562,53.59845733642578,0.9979562759399414,60.22724533081055,65.20237731933594,0.9902448654174805,50.30015182495117,69.3096923828125,0.9999077916145325,34.80725860595703,74.61019897460938,0.9428004622459412,10.608643531799316,75.69415283203125,0.8752968311309814
labeled-data/TH - Gt 1 9/img05798.png,164.62625122070312,364.2192687988281,0.9998041391372681,181.68450927734375,335.3578186035156,0.9981083869934082,261.3853759765625,295.8832702636719,0.832741379737854,270.48345947265625,301.0245361328125,0.691078245639801,268.6190490722656,309.84393310546875,0.8460491299629211,200.53140258789062,355.54058837890625,0.9836311340332031,178.38699340820312,352.58966064453125,0.999387264251709,249.50885009765625,311.5780029296875,0.997037410736084,231.06192016601562,320.5147399902344,0.9594571590423584,222.4371337890625,325.33184814453125,0.9999853372573853,235.18299865722656,313.51226806640625,0.9809267520904541,185.76519775390625,346.0538024902344,0.7967414855957031
labeled-data/TH - Gt 1 9/img08972.png,136.38893127441406,92.61272430419922,0.9996292591094971,141.38548278808594,183.3723907470703,0.9927129149436951,163.89791870117188,194.06809997558594,0.4075284004211426,159.09385681152344,205.44976806640625,0.7147942185401917,147.52134704589844,198.23829650878906,0.8192306756973267,127.51747131347656,125.24361419677734,0.9975100755691528,137.11012268066406,108.0367660522461,0.9997280836105347,141.09140014648438,122.52987670898438,0.9980683922767639,143.8791046142578,142.6437530517578,0.9977204203605652,147.08152770996094,150.9486541748047,0.9999773502349854,154.1322479248047,166.96290588378906,0.9716224670410156,155.72817993164062,186.50840759277344,0.743120551109314
labeled-data/TH - Gt 1 9/img01859.png,220.01853942871094,95.32437896728516,0.9988974332809448,182.1735382080078,103.61132049560547,0.9920651316642761,146.05421447753906,37.62470245361328,0.8038468956947327,159.8507843017578,35.483089447021484,0.9682154059410095,158.94346618652344,47.91334533691406,0.978643000125885,187.7006072998047,82.16680908203125,0.9682852029800415,199.69931030273438,94.47754669189453,0.9991232752799988,185.15994262695312,92.69963836669922,0.9922254681587219,143.4859161376953,71.54522705078125,0.9651625156402588,151.22720336914062,78.78213500976562,0.9999639391899109,167.94644165039062,87.60594940185547,0.9838258028030396,145.41627502441406,49.09210968017578,0.9085416793823242
labeled-data/TH - Gt 1 9/img01849.png,228.89645385742188,94.36791229248047,0.9974759817123413,187.67678833007812,101.58863067626953,0.9886409640312195,156.49801635742188,37.776573181152344,0.9162057638168335,168.5814666748047,41.361961364746094,0.9859910011291504,166.8535919189453,49.63874435424805,0.9857563972473145,193.6750946044922,81.56745147705078,0.9444847106933594,208.7355499267578,93.9375991821289,0.9970839023590088,191.33724975585938,91.40477752685547,0.9719454050064087,155.09461975097656,79.15911865234375,0.97540283203125,153.99658203125,81.01045989990234,0.9998189210891724,146.42408752441406,64.38089752197266,0.9894417524337769,154.23597717285156,50.03800582885742,0.9438232183456421
labeled-data/TH - Gt 1 9/img05465.png,371.21405029296875,325.8318176269531,0.9816096425056458,338.9228210449219,320.7313232421875,0.9877331256866455,291.0531311035156,245.8072509765625,0.99918532371521,296.6970520019531,234.54718017578125,0.9962673187255859,306.5396423339844,240.7783966064453,0.9993277788162231,350.3432922363281,299.7748107910156,0.9801119565963745,357.1998596191406,317.6054382324219,0.9724621772766113,343.1175537109375,309.4023742675781,0.9912259578704834,327.7177734375,298.4208068847656,0.8712039589881897,317.5344543457031,289.18939208984375,0.9999675154685974,309.0685119628906,273.7236022949219,0.9858798384666443,302.3339538574219,251.98187255859375,0.9970970749855042
labeled-data/TH - Gt 1 9/img07387.png,144.5003204345703,192.90460205078125,0.960953950881958,155.2953643798828,158.8808135986328,0.8455467224121094,180.15911865234375,137.69349670410156,0.9968218803405762,184.45162963867188,149.068115234375,0.996895968914032,174.72479248046875,153.54119873046875,0.9960587024688721,133.3798828125,165.02503967285156,0.9830985069274902,134.2732391357422,182.32510375976562,0.9539958238601685,128.9327392578125,171.14373779296875,0.8364477753639221,130.52749633789062,142.7636260986328,0.8874405026435852,119.70333099365234,146.12539672851562,0.9989190101623535,118.30953979492188,162.16290283203125,0.9961636066436768,128.4600372314453,175.48460388183594,0.996292233467102
labeled-data/TH - Gt 1 9/img10053.png,188.04794311523438,305.3584899902344,0.07028639316558838,213.9066619873047,207.78416442871094,0.9893397092819214,198.2469482421875,292.1556701660156,0.9999448657035828,186.91725158691406,298.1373596191406,0.999538004398346,180.50161743164062,287.9569091796875,0.9995810985565186,188.5288848876953,204.5723419189453,0.6555275917053223,204.60438537597656,192.52325439453125,0.6131891012191772,201.21755981445312,206.3654022216797,0.9843066930770874,199.53598022460938,227.86151123046875,0.9958400726318359,198.7936248779297,241.41363525390625,0.9999246597290039,194.32456970214844,261.6223449707031,0.9960066080093384,191.28860473632812,282.01483154296875,0.9996777772903442
labeled-data/TH - Gt 1 9/img00425.png,492.99005126953125,123.91553497314453,0.9999110698699951,506.41925048828125,155.4126434326172,0.9998385906219482,554.0259399414062,201.29238891601562,0.9998692274093628,561.0841674804688,209.00718688964844,0.9990603923797607,553.76123046875,219.5326690673828,0.9989583492279053,485.8127136230469,165.54551696777344,0.9998493194580078,493.8450622558594,145.86009216308594,0.9999041557312012,497.07928466796875,161.31539916992188,0.9999515414237976,501.2478332519531,177.8758087158203,0.9999008178710938,513.41845703125,192.27333068847656,0.9999911189079285,527.4871215820312,205.99127197265625,0.9998862147331238,547.5325927734375,209.83489990234375,0.9998136758804321
labeled-data/TH - Gt 1 9/img00196.png,68.64805603027344,26.88761329650879,0.4520292282104492,29.899799346923828,69.93756103515625,0.9926832318305969,68.86024475097656,40.720359802246094,0.9998222589492798,71.24211120605469,29.154930114746094,0.9984763860702515,84.02849578857422,33.664466857910156,0.9969828724861145,33.85063934326172,93.96063232421875,0.9895982146263123,16.605426788330078,81.23756408691406,0.9534039497375488,32.53194046020508,81.88191986083984,0.9965450763702393,45.642601013183594,80.1629867553711,0.9993128776550293,64.70153045654297,75.35355377197266,0.9997364282608032,74.63784790039062,63.50962448120117,0.9997365474700928,81.05443572998047,45.989261627197266,0.9997447729110718
labeled-data/TH - Gt 1 9/img04795.png,215.38426208496094,115.68506622314453,0.9619432687759399,183.52450561523438,116.4044418334961,0.9995511174201965,109.10991668701172,110.57774353027344,0.7850276827812195,98.75778198242188,106.9698257446289,0.9329279065132141,105.02108001708984,94.6338119506836,0.8595582842826843,192.6546173095703,92.56771850585938,0.995560884475708,201.3284454345703,109.89840698242188,0.9876292943954468,188.08250427246094,105.93893432617188,0.999347448348999,171.30784606933594,99.5023193359375,0.9981518983840942,159.3771514892578,95.99224090576172,0.9999572038650513,140.0214080810547,97.7119140625,0.9875876307487488,116.14356231689453,99.16712188720703,0.7562422752380371
labeled-data/TH - Gt 1 9/img05489.png,293.54315185546875,231.10238647460938,0.9758077263832092,311.83514404296875,253.12860107421875,0.9929258823394775,327.7273864746094,323.50579833984375,0.9914038181304932,313.181884765625,327.5111389160156,0.971946120262146,304.2234802246094,238.72628784179688,0.9716717004776001,292.35919189453125,266.2719421386719,0.990547776222229,296.7172546386719,245.71495056152344,0.9380707144737244,301.91748046875,259.5772705078125,0.9931496381759644,309.89501953125,276.9813537597656,0.9774433374404907,318.1846008300781,284.1753234863281,0.9999890327453613,320.6900939941406,299.6555480957031,0.9944608211517334,318.5396423339844,315.1812438964844,0.9952636957168579
labeled-data/TH - Gt 1 9/img00601.png,516.696533203125,349.26568603515625,0.9863615036010742,484.4653625488281,353.6191101074219,0.9628766775131226,480.12103271484375,367.4197998046875,0.9277340173721313,481.7802734375,382.9208068847656,0.9913705587387085,466.4730224609375,382.74365234375,0.9965016841888428,489.2270202636719,328.28997802734375,0.9179088473320007,503.8709716796875,342.3908386230469,0.993171215057373,488.32025146484375,341.088134765625,0.9881182312965393,471.71942138671875,339.48480224609375,0.969170093536377,455.38983154296875,338.3027648925781,0.9998809099197388,456.1321716308594,353.2524108886719,0.9987488985061646,467.4502868652344,368.72271728515625,0.9943393468856812
labeled-data/TH - Gt 1 9/img00806.png,474.37481689453125,307.1444091796875,0.9999821186065674,523.98095703125,314.4960021972656,0.9964756965637207,481.3875732421875,378.9698791503906,0.39501094818115234,459.219482421875,372.50946044921875,0.10723638534545898,464.40478515625,356.6008605957031,0.7959789633750916,500.4170227050781,334.1302490234375,0.9993464350700378,496.0996398925781,316.5063171386719,0.9998563528060913,509.7127990722656,323.96405029296875,0.9987415075302124,513.5740356445312,337.97314453125,0.9981016516685486,516.0819702148438,346.93682861328125,0.999170184135437,499.1986389160156,352.76458740234375,0.7952327728271484,479.4295349121094,361.8404541015625,0.6861558556556702
labeled-data/TH - Gt 1 9/img12403.png,227.7698516845703,121.92841339111328,0.9998096227645874,194.59234619140625,117.63135528564453,0.9999745488166809,200.00059509277344,51.16233825683594,0.9950906038284302,216.7432861328125,53.13128662109375,0.9867284893989563,212.3798065185547,65.29156494140625,0.9716254472732544,205.50001525878906,97.75079345703125,0.9974840879440308,215.6279754638672,111.55497741699219,0.9999258518218994,201.1164093017578,107.56399536132812,0.9998153448104858,184.08021545410156,102.88175964355469,0.9998942017555237,174.2540740966797,90.3995590209961,0.9999134540557861,181.62789916992188,74.40387725830078,0.999674379825592,197.8248291015625,64.02690124511719,0.9966447353363037
labeled-data/TH - Gt 1 9/img08668.png,152.03948974609375,58.17234802246094,0.9970182180404663,174.98789978027344,156.4053192138672,0.9978275299072266,145.54296875,75.63029479980469,0.9603984355926514,150.81710815429688,58.10869216918945,0.6835453510284424,183.67745971679688,169.1095733642578,0.47074687480926514,196.22303771972656,148.10882568359375,0.9974641799926758,190.6992645263672,165.784423828125,0.9976651668548584,185.22610473632812,152.8306427001953,0.9989758729934692,181.50677490234375,134.6241455078125,0.995523989200592,174.08779907226562,120.1128921508789,0.9999759197235107,181.9521942138672,135.34385681152344,0.7813289165496826,158.48440551757812,80.06558227539062,0.5884062051773071
labeled-data/TH - Gt 1 9/img09060.png,105.63166046142578,218.95591735839844,0.9998754262924194,120.35296630859375,179.7018585205078,0.9981644749641418,129.9259490966797,207.19972229003906,0.030806154012680054,113.380615234375,208.914794921875,0.0281049907207489,114.22296142578125,199.17466735839844,0.07924339175224304,140.60653686523438,193.70855712890625,0.997037947177887,135.3279266357422,110.10944366455078,0.9995532631874084,130.75106811523438,186.2147216796875,0.9968417882919312,142.30284118652344,169.75595092773438,0.9970052242279053,145.7818145751953,154.50497436523438,0.9999672174453735,140.70411682128906,133.77032470703125,0.487518310546875,137.29708862304688,113.1148910522461,0.3171371817588806
labeled-data/TH - Gt 1 9/img09110.png,165.7288818359375,192.69952392578125,0.9706246256828308,142.5871124267578,175.7846221923828,0.996911346912384,127.66039276123047,101.57659149169922,0.9088550806045532,134.1683807373047,91.99148559570312,0.8965091109275818,152.92613220214844,184.93621826171875,0.8953076601028442,165.85433959960938,168.23411560058594,0.9964911937713623,159.97178649902344,180.06956481933594,0.9896200895309448,153.39254760742188,170.71653747558594,0.9973129034042358,144.54534912109375,154.575439453125,0.9996591806411743,142.8628387451172,145.67098999023438,0.9999748468399048,137.99740600585938,124.24645233154297,0.9859065413475037,137.1349334716797,108.53849792480469,0.6928542852401733
labeled-data/TH - Gt 1 9/img00783.png,464.47943115234375,386.5433044433594,0.9920007586479187,539.1817626953125,344.55670166015625,0.9942015409469604,537.0845336914062,315.9908447265625,0.7669073343276978,551.4137573242188,316.9005432128906,0.18413853645324707,463.0272521972656,363.9255676269531,0.2482214868068695,487.6224670410156,370.5897216796875,0.9961082339286804,470.1224365234375,370.6634216308594,0.9966902732849121,532.554443359375,335.233154296875,0.9954838752746582,497.02001953125,351.5633850097656,0.9773155450820923,507.2080383300781,345.7536315917969,0.9999003410339355,492.0028991699219,354.3087463378906,0.9084317684173584,538.9957885742188,325.6351318359375,0.5522359013557434
labeled-data/TH - Gt 1 9/img00292.png,500.4209899902344,57.28562927246094,0.9999426603317261,397.57476806640625,70.04948425292969,0.9995399713516235,473.7916564941406,59.368228912353516,0.07697901129722595,356.69659423828125,71.11071014404297,0.00325050950050354,483.09661865234375,72.114013671875,0.02590078115463257,394.975830078125,92.31756591796875,0.9984226226806641,480.64691162109375,65.33118438720703,0.9997048377990723,396.9124450683594,81.8624267578125,0.9997681379318237,417.2071838378906,82.8182601928711,0.9997256994247437,432.00762939453125,80.99434661865234,0.9998374581336975,453.4664611816406,78.02237701416016,0.3882002830505371,472.5341796875,69.3055191040039,0.08346253633499146
labeled-data/TH - Gt 1 9/img09847.png,197.73399353027344,258.5251770019531,0.999989926815033,204.54559326171875,291.6172790527344,0.9993882179260254,168.7398223876953,374.6742858886719,0.14632225036621094,156.54360961914062,376.4342346191406,0.5318000316619873,154.92445373535156,362.6121520996094,0.6691946983337402,178.1123809814453,288.68310546875,0.9996806383132935,194.23223876953125,275.268798828125,0.9998601675033569,191.21995544433594,289.6372985839844,0.9997942447662354,185.4376983642578,308.8367614746094,0.9973812103271484,182.30145263671875,323.0877685546875,0.9999958276748657,173.60113525390625,344.9676208496094,0.9417527318000793,166.92050170898438,361.41412353515625,0.7181662917137146
labeled-data/TH - Gt 1 9/img09750.png,199.47760009765625,276.24383544921875,0.9997025728225708,202.9210662841797,308.38140869140625,0.9938693046569824,187.1119384765625,288.39752197265625,0.11076375842094421,141.46043395996094,375.8971252441406,0.2098962664604187,148.09765625,360.27764892578125,0.5158988237380981,178.04884338378906,306.7828674316406,0.9989003539085388,193.38368225097656,293.39508056640625,0.9991836547851562,191.3070526123047,307.11962890625,0.9983598589897156,180.74375915527344,345.3206787109375,0.9989042282104492,188.1687774658203,337.152587890625,0.9999679327011108,178.8482666015625,352.819580078125,0.6557006239891052,160.64450073242188,366.0772705078125,0.5964309573173523
labeled-data/TH - Gt 1 9/img00266.png,85.84129333496094,41.97175216674805,0.7475963830947876,68.89093780517578,67.96363830566406,0.2490825653076172,77.63216400146484,47.25257110595703,0.9418500661849976,88.0767822265625,44.848323822021484,0.8437976837158203,80.43390655517578,54.56672286987305,0.900073230266571,58.28272247314453,51.524147033691406,0.15886807441711426,75.6776123046875,51.20136642456055,0.15967702865600586,64.35445404052734,57.54190444946289,0.19246715307235718,33.861968994140625,64.77809143066406,0.8236802816390991,32.25858688354492,66.3629150390625,0.9885743856430054,50.81710433959961,59.26619338989258,0.9587949514389038,72.21261596679688,54.451351165771484,0.9486457109451294
labeled-data/TH - Gt 1 9/img01873.png,132.026611328125,41.79277801513672,0.9956498146057129,129.56271362304688,63.52899932861328,0.9906448125839233,182.58023071289062,89.12394714355469,0.9784519672393799,129.9510040283203,39.38188552856445,0.8939101696014404,130.70254516601562,49.34146499633789,0.9388538599014282,164.6838836669922,84.70724487304688,0.9128473401069641,177.69778442382812,99.28565216064453,0.9820220470428467,161.8337860107422,97.703369140625,0.9794807434082031,144.6038818359375,91.12549591064453,0.9095077514648438,130.33103942871094,84.37622833251953,0.9999719858169556,119.97708129882812,71.66159057617188,0.9674727916717529,118.12825012207031,52.18998718261719,0.9542500972747803
labeled-data/TH - Gt 1 9/img06787.png,293.7938537597656,144.19227600097656,0.9999632835388184,328.45556640625,160.7953338623047,0.999885618686676,394.0785217285156,199.14669799804688,0.9940847754478455,399.6625061035156,209.6620635986328,0.9988353252410889,392.2471923828125,212.6343994140625,0.999496340751648,314.1954345703125,179.8821563720703,0.9999326467514038,308.3062438964844,160.36334228515625,0.9999526739120483,321.7308044433594,169.82366943359375,0.9999706745147705,336.47186279296875,182.5359344482422,0.9999233484268188,350.02783203125,191.1543426513672,0.9999804496765137,368.2371520996094,200.29978942871094,0.9999535083770752,385.0807189941406,202.76614379882812,0.9994211196899414
labeled-data/TH - Gt 1 9/img05921.png,98.81959533691406,386.678955078125,0.9994996786117554,124.50619506835938,366.1546325683594,0.9978145360946655,197.65188598632812,328.53192138671875,0.9933474063873291,208.09059143066406,332.9503173828125,0.9860153198242188,207.9921875,342.8335876464844,0.9961063861846924,141.13803100585938,386.48931884765625,0.9958268404006958,118.6192626953125,382.39990234375,0.9959406852722168,133.0122528076172,376.23834228515625,0.9921928644180298,148.08070373535156,368.58172607421875,0.9856621623039246,163.4211883544922,360.32196044921875,0.9999514818191528,180.00180053710938,350.5504150390625,0.9982407689094543,196.57176208496094,340.5649108886719,0.9985054731369019
labeled-data/TH - Gt 1 9/img00718.png,568.1763305664062,314.5480651855469,0.9778199195861816,547.48681640625,344.33013916015625,0.9996786117553711,480.7211608886719,374.4867858886719,0.9968744516372681,464.8064880371094,374.6367492675781,0.9847111701965332,465.6750183105469,360.72113037109375,0.9894450902938843,537.0927734375,322.221435546875,0.9987971782684326,556.2432250976562,325.3992919921875,0.997901201248169,542.9002685546875,332.3701477050781,0.9995123147964478,524.4608154296875,338.87591552734375,0.9995812177658081,511.5160827636719,341.9628601074219,0.9999136328697205,495.248779296875,350.6000671386719,0.998958945274353,478.2113342285156,362.2838439941406,0.9983199834823608
labeled-data/TH - Gt 1 9/img09003.png,112.62967681884766,196.15167236328125,0.9997598528862,134.27780151367188,171.39964294433594,0.997742772102356,127.76594543457031,105.20521545410156,0.7299593687057495,133.810302734375,93.76782989501953,0.8387082815170288,145.93162536621094,101.26276397705078,0.19683033227920532,156.91818237304688,188.9039764404297,0.9857958555221558,134.72984313964844,189.65863037109375,0.9989056587219238,144.66236877441406,180.68568420410156,0.9947508573532104,145.60870361328125,158.3372802734375,0.9984108209609985,148.0356903076172,150.16229248046875,0.9999905824661255,152.79066467285156,167.898193359375,0.9267914295196533,137.56565856933594,111.56974029541016,0.5156422853469849
labeled-data/TH - Gt 1 9/img01731.png,394.21417236328125,72.23004913330078,0.9994944930076599,371.1772766113281,95.24547576904297,0.995456337928772,366.1143493652344,117.95704650878906,0.979102373123169,373.7141418457031,123.65631866455078,0.9564793109893799,360.54315185546875,131.42002868652344,0.9587101936340332,358.77838134765625,71.08836364746094,0.9906891584396362,378.3906555175781,75.28109741210938,0.9940544366836548,366.2247314453125,83.88257598876953,0.991895318031311,347.632080078125,92.06678009033203,0.9410089254379272,337.75006103515625,101.57300567626953,0.999871015548706,339.1537170410156,116.05213165283203,0.9990026950836182,356.55181884765625,123.29368591308594,0.9935753345489502
labeled-data/TH - Gt 1 9/img09090.png,112.11034393310547,196.68338012695312,0.9995368123054504,128.97564697265625,171.0685577392578,0.997577965259552,125.96798706054688,106.5263671875,0.7878320217132568,132.8252716064453,95.01074981689453,0.8956563472747803,144.111572265625,102.72715759277344,0.2599351108074188,150.38812255859375,184.35365295410156,0.9940190315246582,129.37478637695312,188.5523223876953,0.9990424513816833,139.50857543945312,179.068359375,0.9973710775375366,142.9349365234375,157.94525146484375,0.9986845850944519,145.22406005859375,148.35968017578125,0.9999871253967285,141.24156188964844,130.5208282470703,0.985134482383728,136.86785888671875,113.4197006225586,0.8309980630874634
labeled-data/TH - Gt 1 9/img07386.png,143.07846069335938,196.59559631347656,0.8969545960426331,154.1201629638672,159.37863159179688,0.898674488067627,177.7289581298828,137.74929809570312,0.998632550239563,182.83847045898438,148.5122528076172,0.998836874961853,173.95233154296875,152.44229125976562,0.9975786805152893,135.05697631835938,166.6680908203125,0.9899532794952393,134.3018798828125,185.74147033691406,0.9062480330467224,130.4816131591797,172.21893310546875,0.7890102863311768,128.65621948242188,147.75115966796875,0.9651234745979309,119.4241943359375,150.1862335205078,0.9993805885314941,117.56156921386719,165.9183807373047,0.9934003353118896,167.32130432128906,143.85169982910156,0.9962832927703857
labeled-data/TH - Gt 1 9/img04878.png,218.1492156982422,145.0657501220703,0.9997867941856384,185.99122619628906,125.58072662353516,0.9980309009552002,122.0014419555664,102.13645935058594,0.1184406578540802,104.43205261230469,95.53507232666016,0.02103102207183838,120.73394775390625,82.45362854003906,0.09309589862823486,205.8682403564453,113.95086669921875,0.9990936517715454,205.791015625,131.853759765625,0.9996681809425354,196.5895538330078,119.15713500976562,0.9994958639144897,183.9561767578125,104.89749145507812,0.9892610907554626,177.01370239257812,93.37557983398438,0.9999138116836548,187.51931762695312,105.66871643066406,0.6303935050964355,199.08151245117188,125.88189697265625,0.05430030822753906
labeled-data/TH - Gt 1 9/img04824.png,203.69863891601562,135.5388946533203,0.9992821216583252,181.0034637451172,112.84607696533203,0.9990606307983398,206.2654266357422,121.0185775756836,0.15333926677703857,99.01930236816406,97.15624237060547,0.19798827171325684,189.91957092285156,122.71381378173828,0.30176329612731934,129.6787872314453,102.2468490600586,0.9991147518157959,111.54708862304688,93.18831634521484,0.9988760948181152,191.66908264160156,107.7691650390625,0.9983408451080322,178.34617614746094,95.18046569824219,0.9900039434432983,165.24029541015625,89.58602905273438,0.9999682903289795,142.4139862060547,91.31542205810547,0.8082449436187744,195.80357360839844,112.93045806884766,0.1738174557685852
labeled-data/TH - Gt 1 9/img09132.png,137.80203247070312,92.16133117675781,0.9700343012809753,150.7170867919922,125.22034454345703,0.9907311201095581,174.547119140625,141.54537963867188,0.999550998210907,184.68905639648438,147.71937561035156,0.9925951957702637,181.62857055664062,157.2960968017578,0.9959802031517029,126.46074676513672,122.46022033691406,0.9907972812652588,136.60069274902344,107.48117065429688,0.9967995882034302,137.759033203125,120.7776870727539,0.9916167259216309,141.26287841796875,143.69363403320312,0.9983906745910645,144.6395263671875,150.09060668945312,0.9999591708183289,159.10476684570312,157.3301544189453,0.9985760450363159,173.74188232421875,154.7808074951172,0.9990500211715698
labeled-data/TH - Gt 1 9/img07450.png,221.01956176757812,148.99176025390625,0.9991589188575745,180.2962646484375,158.17222595214844,0.9996126294136047,139.32943725585938,178.5211181640625,0.9999390244483948,135.9178009033203,190.9334716796875,0.9992769956588745,120.30896759033203,186.8901824951172,0.9985699653625488,180.28846740722656,134.12281799316406,0.997269332408905,198.4827423095703,146.056640625,0.9994781017303467,181.18650817871094,146.21524047851562,0.9995937347412109,160.6625213623047,144.23150634765625,0.9993796348571777,140.60206604003906,146.21145629882812,0.999897837638855,125.7398910522461,156.15548706054688,0.999704122543335,125.47200012207031,174.4849090576172,0.999814510345459
labeled-data/TH - Gt 1 9/img09255.png,209.90745544433594,98.69086456298828,0.9973524212837219,191.2487335205078,129.67759704589844,0.942074179649353,128.05752563476562,98.81609344482422,0.9995782375335693,136.9894256591797,87.90274047851562,0.9997824430465698,146.66477966308594,96.98883056640625,0.9993786811828613,132.53445434570312,124.7330093383789,0.9463872313499451,196.99005126953125,110.78377532958984,0.9665499329566956,184.0070343017578,119.04400634765625,0.9522814154624939,161.00747680664062,128.41664123535156,0.9943220019340515,159.53231811523438,128.41690063476562,0.9998452663421631,171.29742431640625,121.54642486572266,0.9816453456878662,138.25111389160156,106.53919982910156,0.9946179986000061
labeled-data/TH - Gt 1 9/img01746.png,393.22723388671875,73.55801391601562,0.9866600036621094,356.0815734863281,132.86253356933594,0.8142979145050049,377.18426513671875,109.36383819580078,0.9297496676445007,385.8009338378906,116.64409637451172,0.9288498163223267,382.7240905761719,83.9588851928711,0.9798781275749207,366.3275146484375,111.79389953613281,0.9688552618026733,377.8302917480469,77.46662139892578,0.9675766825675964,360.79766845703125,121.12133026123047,0.910893440246582,344.0729064941406,109.76844024658203,0.9660006761550903,340.6107482910156,105.38932800292969,0.9998890161514282,351.70745849609375,115.25816345214844,0.9635471105575562,372.2799377441406,117.03872680664062,0.9651542901992798
labeled-data/TH - Gt 1 9/img00771.png,466.0152282714844,387.0984191894531,0.4273648262023926,550.3236694335938,344.9862365722656,0.9094395041465759,481.0835266113281,377.4910888671875,0.9923850297927856,574.7420654296875,322.57623291015625,0.9928082823753357,465.62384033203125,364.1470947265625,0.9939464330673218,491.9510803222656,368.76348876953125,0.9384176731109619,560.4619140625,327.5890197753906,0.6916962265968323,546.2451782226562,332.71337890625,0.9489217400550842,521.7571411132812,341.7689208984375,0.9530415534973145,514.156005859375,341.3919982910156,0.9998846054077148,493.70751953125,351.1567687988281,0.9861064553260803,477.53582763671875,364.5479431152344,0.9946379661560059
labeled-data/TH - Gt 1 9/img09801.png,197.48593139648438,279.5486145019531,0.9998301863670349,152.5993194580078,360.4323425292969,0.9974852800369263,182.47842407226562,288.5616455078125,0.22697728872299194,195.56085205078125,280.7381286621094,0.17686781287193298,200.02500915527344,293.115234375,0.5586785674095154,172.18348693847656,377.4541320800781,0.9965798854827881,188.87672424316406,294.0238952636719,0.9993427991867065,185.4664306640625,308.4837951660156,0.999108076095581,171.27557373046875,352.74420166015625,0.9984248280525208,178.8385467529297,339.52484130859375,0.999995231628418,181.45733642578125,324.3897705078125,0.8272164463996887,190.37911987304688,298.49835205078125,0.18856367468833923
labeled-data/TH - Gt 1 9/img04855.png,95.50452423095703,105.78754425048828,0.9995846748352051,182.4901885986328,118.5436019897461,0.9991371631622314,117.6040267944336,102.85401153564453,0.06199526786804199,207.85662841796875,135.89939880371094,0.02380990982055664,108.98843383789062,82.70596313476562,0.08832082152366638,201.6676025390625,105.87548065185547,0.9991111755371094,200.9180145263672,127.79855346679688,0.9993884563446045,193.2231903076172,112.85691833496094,0.9995412826538086,184.0154266357422,99.61843872070312,0.9988703727722168,169.39569091796875,89.69046783447266,0.9999769926071167,143.8113555908203,89.99192810058594,0.8625839948654175,124.70500946044922,91.74169921875,0.1270979940891266
